{
  "2D": 186.18399977684,
  "3D": 26343.3579998016,
  "Editor": 71345.0219995975,
  "Script": 44815.4800000191
}