{
  "2D": 715.257999658584,
  "3D": 26434.4019999504,
  "AssetLib": 82.0329999923706,
  "Editor": 76616.3299996853,
  "Game": 1416.31300234795,
  "Script": 47968.323997736
}